-- phpMyAdmin SQL Dump
-- version 4.8.4
-- https://www.phpmyadmin.net/
--
-- Hôte : localhost
-- Généré le :  ven. 15 fév. 2019 à 13:03
-- Version du serveur :  10.0.35-MariaDB
-- Version de PHP :  7.0.7

SET SQL_MODE = "NO_AUTO_VALUE_ON_ZERO";
SET AUTOCOMMIT = 0;
START TRANSACTION;
SET time_zone = "+00:00";


/*!40101 SET @OLD_CHARACTER_SET_CLIENT=@@CHARACTER_SET_CLIENT */;
/*!40101 SET @OLD_CHARACTER_SET_RESULTS=@@CHARACTER_SET_RESULTS */;
/*!40101 SET @OLD_COLLATION_CONNECTION=@@COLLATION_CONNECTION */;
/*!40101 SET NAMES utf8mb4 */;

--
-- Base de données :  `site_btp`
--

-- --------------------------------------------------------

--
-- Structure de la table `ARTICLE`
--

CREATE TABLE `ARTICLE` (
  `AR_Ref` varchar(255) NOT NULL,
  `AR_Design` varchar(40) NOT NULL,
  `AR_Sommeil` tinyint(1) DEFAULT NULL,
  `AR_DateCreation` datetime DEFAULT NULL,
  `AR_Etat` varchar(40) DEFAULT NULL,
  `AR_DateDernierEntretien` date DEFAULT NULL,
  `AR_DateDerniereReparation` date DEFAULT NULL,
  `CA_Ref` int(11) DEFAULT NULL,
  `EM_Ref` int(11) DEFAULT NULL,
  `EM_RefRep` int(11) DEFAULT NULL,
  `AR_lastEmp` int(11) DEFAULT NULL
) ENGINE=InnoDB DEFAULT CHARSET=utf8;

--
-- Déchargement des données de la table `ARTICLE`
--

INSERT INTO `ARTICLE` (`AR_Ref`, `AR_Design`, `AR_Sommeil`, `AR_DateCreation`, `AR_Etat`, `AR_DateDernierEntretien`, `AR_DateDerniereReparation`, `CA_Ref`, `EM_Ref`, `EM_RefRep`, `AR_lastEmp`) VALUES
('0133289048451', 'Carrelette', 0, '2019-01-25 10:50:23', NULL, NULL, NULL, 70, 3, 1, 15),
('0311107005516', 'Lamelleuse', 0, '2019-02-13 16:01:51', NULL, NULL, NULL, 70, 15, 2, NULL),
('0441402110950', 'Marteau', 0, '2019-01-24 13:29:14', NULL, NULL, NULL, 70, 4, 2, 11),
('0448892205514', 'Tire-mur', 0, '2019-02-15 12:24:44', NULL, NULL, NULL, 1, 1, NULL, NULL),
('0478067727203', 'Truelle', 0, '2019-01-24 13:29:30', NULL, NULL, NULL, 70, 2, 3, 1),
('0589584274942', 'Perceuse de tympans', 0, '2019-01-24 13:29:30', NULL, NULL, NULL, 70, 4, 3, 31),
('1141440748747', 'Pelle à sable', 0, '2019-01-24 13:29:30', NULL, NULL, NULL, 70, 2, 1, 1),
('1309596005512', 'marteau2', 0, '2019-02-13 15:53:10', NULL, NULL, NULL, 70, 10, 33, NULL),
('1798383594511', 'Bétonnière', 0, '2019-02-07 12:19:49', NULL, NULL, NULL, 70, 12, 1, 12),
('1905992205510', 'Maillet', 0, '2019-02-15 12:25:50', NULL, NULL, NULL, 1, 1, NULL, NULL),
('2008573868451', 'Carrelette C', 0, '2019-01-28 14:55:58', NULL, NULL, NULL, 70, 3, 2, NULL),
('2479892205516', 'Tournevis plat', 0, '2019-02-15 12:24:57', NULL, NULL, NULL, 1, 1, NULL, NULL),
('2508978209451', 'carrelette1', 0, '2019-02-01 14:46:38', NULL, NULL, NULL, 70, 3, 2, NULL),
('2548992205518', 'Coupe boulons', 0, '2019-02-15 12:26:24', NULL, NULL, NULL, 1, 1, NULL, NULL),
('4051103205515', 'Frottoir', 0, '2019-02-15 12:28:35', NULL, NULL, NULL, 1, 1, NULL, NULL),
('4780992205510', 'Tournevis cruciforme', 0, '2019-02-15 12:25:08', NULL, NULL, NULL, 1, 1, NULL, NULL),
('4885740578451', 'Carrelette D', 0, '2019-01-29 09:27:55', NULL, NULL, NULL, 70, 3, 2, NULL),
('5107003205519', 'Auge à plâtre', 0, '2019-02-15 12:27:50', NULL, NULL, NULL, 1, 1, NULL, NULL),
('5193892205518', 'Raclette', 0, '2019-02-15 12:23:59', NULL, NULL, NULL, 1, 1, NULL, NULL),
('5872003205516', 'Hachette', 0, '2019-02-15 12:27:07', NULL, NULL, NULL, 1, 1, NULL, NULL),
('6357841868451', 'Carrelette B', 0, '2019-01-28 14:18:07', NULL, NULL, NULL, 70, 3, 2, NULL),
('7237626868451', 'Carrelette4', 0, '2019-01-28 15:37:47', NULL, NULL, NULL, 70, 3, 2, NULL),
('7240222578451', 'Carrelette F', 0, '2019-01-29 09:57:00', NULL, NULL, NULL, 70, 3, 2, NULL),
('8269750578451', 'Carrelette E', 0, '2019-01-29 09:29:39', NULL, NULL, NULL, 70, 3, 2, NULL),
('8557003205519', 'Rabot', 0, '2019-02-15 12:27:55', NULL, NULL, NULL, 1, 1, NULL, NULL),
('8715946388625', 'test feuille Epson', 0, '2019-01-31 15:17:32', NULL, NULL, NULL, 64, 11, 16, 16),
('8911678209451', 'Carelette1', 0, '2019-02-01 14:46:01', NULL, NULL, NULL, 70, 28, 2, NULL),
('9268003205513', 'Couteau à enduire', 0, '2019-02-15 12:28:06', NULL, NULL, NULL, 1, 1, NULL, NULL),
('9333992205513', 'Taloche', 0, '2019-02-15 12:25:33', NULL, NULL, NULL, 1, 1, NULL, NULL),
('9892103205519', 'Peigne', 0, '2019-02-15 12:28:49', NULL, NULL, NULL, 1, 1, NULL, NULL);

-- --------------------------------------------------------

--
-- Structure de la table `CATEGORIE`
--

CREATE TABLE `CATEGORIE` (
  `CA_Ref` int(11) NOT NULL,
  `CA_Nom` varchar(40) DEFAULT NULL,
  `CA_RefParent` int(11) DEFAULT NULL,
  `CA_Sommeil` tinyint(1) DEFAULT NULL
) ENGINE=InnoDB DEFAULT CHARSET=utf8;

--
-- Déchargement des données de la table `CATEGORIE`
--

INSERT INTO `CATEGORIE` (`CA_Ref`, `CA_Nom`, `CA_RefParent`, `CA_Sommeil`) VALUES
(1, '50 Petit outillage à main', NULL, 0),
(2, 'Marteaux', 1, 0),
(3, 'Pelles', 1, 0),
(4, '10 Gros outillage', NULL, 0),
(5, 'Tractopelle', 4, 1),
(59, '20 Electro-portatif', NULL, 0),
(62, 'Nouvelle souscatégoriedzrz', 58, 0),
(63, 'Pelleteuse', 59, 1),
(64, '90 Fournitures', NULL, 0),
(65, 'Fixation', 64, 0),
(66, 'Coupe Boulon', 1, 0),
(67, 'Rateaux', 1, 0),
(68, 'Transport d\'engins', 59, 0),
(69, 'Perceuses', 59, 1),
(70, '01 BTP', NULL, 0),
(71, 'Betonnière', 4, 0),
(72, 'Tracteur', 70, 0),
(73, 'Perceuses', 59, 0),
(74, 'Pelleteuse', 70, 0),
(75, 'Groupe électrogène', 4, 0),
(76, 'Cloueuse', 59, 0),
(77, 'Marteau piqueur', 59, 0),
(78, 'Porte Engins', 70, 0),
(79, '80 Signalisation', NULL, 0),
(80, '30 Nettoyage', NULL, 0),
(81, 'Aspirateur', 80, 0),
(82, 'Cônes', 79, 0);

-- --------------------------------------------------------

--
-- Structure de la table `COMPTE`
--

CREATE TABLE `COMPTE` (
  `CO_Ref` int(11) NOT NULL DEFAULT '0',
  `CO_Intitule` varchar(255) DEFAULT NULL
) ENGINE=InnoDB DEFAULT CHARSET=utf8;

--
-- Déchargement des données de la table `COMPTE`
--

INSERT INTO `COMPTE` (`CO_Ref`, `CO_Intitule`) VALUES
(10, 'Utilisateur Basique'),
(100, 'Utilisateur Admin');

-- --------------------------------------------------------

--
-- Structure de la table `EMPLACEMENT`
--

CREATE TABLE `EMPLACEMENT` (
  `EM_Ref` int(11) NOT NULL,
  `EM_Intitule` varchar(40) DEFAULT NULL,
  `EM_Type` int(11) DEFAULT NULL,
  `EM_DateDebut` datetime DEFAULT NULL,
  `EM_DateFin` datetime DEFAULT NULL,
  `EM_RefParent` int(11) DEFAULT NULL,
  `EM_Sommeil` tinyint(1) DEFAULT NULL
) ENGINE=InnoDB DEFAULT CHARSET=utf8;

--
-- Déchargement des données de la table `EMPLACEMENT`
--

INSERT INTO `EMPLACEMENT` (`EM_Ref`, `EM_Intitule`, `EM_Type`, `EM_DateDebut`, `EM_DateFin`, `EM_RefParent`, `EM_Sommeil`) VALUES
(1, 'Depot principal CAEN', 0, NULL, NULL, NULL, 0),
(2, 'bretteville/O.caserne', 1, '2019-04-19 00:00:00', '2019-06-21 00:00:00', NULL, 0),
(3, 'Dépôt Hérouville-Saint-Clair', 0, NULL, NULL, NULL, 0),
(4, 'IBC à Mondeville', 0, NULL, NULL, NULL, 0),
(5, 'Carpiquet lot.5', 1, '2019-02-01 00:00:00', '2019-02-13 00:00:00', NULL, 0),
(6, 'Tramway', 1, '2019-02-05 00:00:00', '2019-02-13 00:00:00', NULL, 0),
(10, 'Dépôt Ifs', 0, NULL, NULL, NULL, 0),
(11, 'Gros oeuvre', 1, '2019-01-16 00:00:00', '2019-04-19 00:00:00', NULL, 0),
(12, 'section 1', 0, NULL, NULL, 1, 0),
(14, 'section 1', 0, NULL, NULL, 10, 0),
(15, 'section 2', 0, NULL, NULL, 3, 0),
(16, 'Lebisey', 1, '2019-03-15 00:00:00', '2019-03-16 00:00:00', NULL, 0),
(20, 'Pierre Heuzé', 1, '2019-02-01 00:00:00', '2019-02-20 00:00:00', NULL, 0),
(24, 'Garage', 0, NULL, NULL, 4, 0),
(25, '1ER Etage', 0, NULL, NULL, 4, 0),
(28, 'GNET à Louvigny', 0, NULL, NULL, NULL, 0),
(29, 'Garage', 0, NULL, NULL, 28, 0),
(30, 'Magasin', 0, NULL, NULL, 28, 0),
(31, 'Perdu', NULL, NULL, NULL, NULL, 0),
(32, 'Délivrande', 1, '2018-10-05 00:00:00', '2019-02-07 00:00:00', NULL, 0),
(33, 'section 2', 0, NULL, NULL, 10, 0),
(35, 'Giberville Nord', 1, '2019-02-12 00:00:00', '2019-02-20 00:00:00', NULL, 0),
(36, 'Technique', 0, NULL, NULL, 4, 0),
(37, 'Depot test', 0, NULL, NULL, NULL, 0),
(38, 'blabla', 0, NULL, NULL, NULL, 0),
(40, 'new Emp2', 0, NULL, NULL, NULL, 1),
(41, 'Dep', 0, NULL, NULL, NULL, 0),
(113, 'Carpiquet sexion2', 1, '2019-02-14 00:00:00', '2019-02-27 00:00:00', NULL, 0),
(114, 'La grâce de Dieu', 1, '2019-02-14 00:00:00', '2019-02-19 00:00:00', NULL, 0),
(115, 'Démouville', 1, '2019-02-09 00:00:00', '2019-05-17 00:00:00', NULL, 0),
(116, 'Dépôt st-Germain la blanche-herbe', 0, NULL, NULL, NULL, 0),
(117, 'Dépôt rue du chemin vert', 0, NULL, NULL, NULL, 0),
(118, 'Dépôt calmette', 0, NULL, NULL, NULL, 0),
(119, 'Dépôt quartier du grand parc', 0, NULL, NULL, NULL, 0),
(120, 'Dépôt Epron', 0, NULL, NULL, NULL, 0),
(121, 'Dépôt Colombelles', 0, NULL, NULL, NULL, 0),
(122, 'Dépôt Cormelles-le-Royal', 0, NULL, NULL, NULL, 0);

-- --------------------------------------------------------

--
-- Structure de la table `ETAT`
--

CREATE TABLE `ETAT` (
  `ET_Ref` int(11) NOT NULL,
  `ET_Intitule` varchar(40) DEFAULT NULL,
  `ET_Color` int(11) DEFAULT NULL
) ENGINE=InnoDB DEFAULT CHARSET=utf8;

--
-- Déchargement des données de la table `ETAT`
--

INSERT INTO `ETAT` (`ET_Ref`, `ET_Intitule`, `ET_Color`) VALUES
(1, 'Excellent', 4),
(2, 'Bon', 4),
(3, 'En  cours de réparation', 3),
(4, 'Entretien nécessaire', 3),
(5, 'Très mauvais', 1),
(6, 'Cassé', 1);

-- --------------------------------------------------------

--
-- Structure de la table `SUIVI`
--

CREATE TABLE `SUIVI` (
  `SU_Id` int(11) NOT NULL,
  `EM_Ref` int(11) DEFAULT NULL,
  `UT_Ref` int(11) DEFAULT NULL,
  `SU_DateMouvement` datetime NOT NULL,
  `AR_Ref` varchar(255) DEFAULT NULL,
  `ET_Ref` int(11) DEFAULT NULL
) ENGINE=InnoDB DEFAULT CHARSET=utf8;

--
-- Déchargement des données de la table `SUIVI`
--

INSERT INTO `SUIVI` (`SU_Id`, `EM_Ref`, `UT_Ref`, `SU_DateMouvement`, `AR_Ref`, `ET_Ref`) VALUES
(15, 5, 19, '2019-01-18 00:00:00', '0133289048451', NULL),
(21, 4, 19, '2019-01-18 00:00:00', '8715946388625', NULL),
(22, 20, NULL, '2019-02-01 12:13:13', '8715946388625', NULL),
(24, 2, NULL, '2019-02-01 12:20:26', '8715946388625', NULL),
(25, 7, NULL, '2019-02-01 12:22:09', '8715946388625', NULL),
(27, 6, NULL, '2019-02-01 12:23:02', '8715946388625', NULL),
(28, 7, NULL, '2019-02-01 12:23:53', '8715946388625', NULL),
(29, 2, NULL, '2019-02-01 12:32:29', '8715946388625', NULL),
(30, 2, NULL, '2019-02-01 12:34:34', '8715946388625', NULL),
(31, 6, NULL, '2019-02-01 12:35:58', '8715946388625', NULL),
(32, 2, NULL, '2019-02-01 12:37:19', '8715946388625', NULL),
(33, 2, NULL, '2019-02-01 13:00:45', '8715946388625', NULL),
(34, 6, NULL, '2019-02-01 13:03:20', '8715946388625', NULL),
(35, 11, NULL, '2019-02-01 13:36:03', '8715946388625', NULL),
(36, 20, NULL, '2019-02-01 14:24:46', '8715946388625', NULL),
(37, 2, NULL, '2019-02-01 14:38:26', '8715946388625', NULL),
(38, 2, NULL, '2019-02-01 14:38:42', '8715946388625', NULL),
(39, 2, NULL, '2019-02-01 14:39:20', '8715946388625', NULL),
(40, 2, NULL, '2019-02-01 14:40:03', '8715946388625', NULL),
(41, 2, NULL, '2019-02-01 14:40:35', '8715946388625', NULL),
(42, 2, NULL, '2019-02-01 14:41:09', '8715946388625', NULL),
(43, 2, NULL, '2019-02-01 14:41:27', '8715946388625', NULL),
(44, 2, NULL, '2019-02-01 14:41:44', '8715946388625', NULL),
(45, 20, NULL, '2019-02-04 08:40:03', '8715946388625', NULL),
(47, 2, NULL, '2019-02-04 08:49:33', '8715946388625', NULL),
(48, 2, NULL, '2019-02-04 08:53:01', '8715946388625', NULL),
(49, 2, NULL, '2019-02-04 08:55:18', '8715946388625', NULL),
(50, 2, NULL, '2019-02-04 08:56:40', '8715946388625', NULL),
(51, 2, NULL, '2019-02-04 08:57:01', '8715946388625', NULL),
(52, 2, NULL, '2019-02-04 08:57:41', '8715946388625', NULL),
(53, 2, NULL, '2019-02-04 08:58:07', '8715946388625', NULL),
(54, 2, NULL, '2019-02-04 08:58:49', '8715946388625', NULL),
(55, 2, NULL, '2019-02-04 08:58:59', '8715946388625', NULL),
(56, 2, NULL, '2019-02-04 08:59:19', '8715946388625', NULL),
(57, 2, NULL, '2019-02-04 09:02:54', '8715946388625', NULL),
(58, 2, NULL, '2019-02-04 09:03:29', '8715946388625', NULL),
(59, 2, NULL, '2019-02-04 09:04:33', '8715946388625', NULL),
(60, 2, NULL, '2019-02-04 09:07:31', '8715946388625', NULL),
(61, 2, NULL, '2019-02-04 09:08:25', '8715946388625', NULL),
(62, 10, 19, '2019-02-04 00:00:00', '0133289048451', NULL),
(63, 20, 25, '2019-02-04 00:00:00', '0589584274942', NULL),
(64, 20, 21, '2018-11-07 00:00:00', '0441402110950', NULL),
(65, 6, NULL, '2019-02-04 14:50:33', '0441402110950', NULL),
(66, 6, NULL, '2019-02-04 14:55:43', '0441402110950', NULL),
(67, 6, NULL, '2019-02-04 14:56:38', '0441402110950', NULL),
(68, 6, NULL, '2019-02-04 14:57:29', '0441402110950', NULL),
(69, 6, NULL, '2019-02-04 14:58:43', '0441402110950', NULL),
(70, 6, NULL, '2019-02-04 14:59:21', '0441402110950', NULL),
(71, 6, NULL, '2019-02-04 15:03:06', '0441402110950', NULL),
(72, 4, NULL, '2019-02-04 15:06:18', '0589584274942', NULL),
(73, 8, NULL, '2019-02-04 15:08:04', '8715946388625', NULL),
(74, 4, NULL, '2019-02-04 15:12:05', '0589584274942', NULL),
(75, 2, NULL, '2019-02-04 16:09:32', '8715946388625', NULL),
(76, 8, NULL, '2019-02-04 16:11:27', '8715946388625', NULL),
(77, 2, NULL, '2019-02-04 08:43:18', NULL, NULL),
(78, 1, NULL, '2019-02-04 11:48:30', '0589584274942', NULL),
(79, 1, NULL, '2019-02-04 11:49:01', '0589584274942', NULL),
(80, 12, NULL, '2019-02-05 11:52:14', '0441402110950', NULL),
(81, 2, NULL, '2019-02-05 11:52:56', '8715946388625', NULL),
(82, 10, NULL, '2019-02-05 11:53:18', '8715946388625', NULL),
(83, 2, NULL, '2019-02-05 11:53:50', '8715946388625', NULL),
(84, 1, NULL, '2019-02-05 11:54:14', '8715946388625', NULL),
(85, 2, NULL, '2019-02-05 11:55:46', '8715946388625', NULL),
(86, 3, NULL, '2019-02-05 11:56:05', '8715946388625', NULL),
(87, 2, NULL, '2019-02-05 12:00:31', '8715946388625', NULL),
(88, 24, NULL, '2019-02-05 12:00:43', NULL, NULL),
(89, 2, NULL, '2019-02-05 12:03:05', '8715946388625', NULL),
(90, 10, NULL, '2019-02-05 12:03:11', '8715946388625', NULL),
(91, 2, NULL, '2019-02-05 12:05:36', '8715946388625', NULL),
(92, 1, NULL, '2019-02-05 12:05:44', NULL, NULL),
(93, 2, NULL, '2019-02-05 12:07:14', '8715946388625', NULL),
(94, 1, NULL, '2019-02-05 12:07:47', NULL, NULL),
(95, 1, NULL, '2019-02-05 12:09:38', NULL, NULL),
(96, 1, NULL, '2019-02-05 12:18:27', '0133289048451', NULL),
(97, 1, NULL, '2019-02-05 12:19:24', '0133289048451', NULL),
(98, 1, NULL, '2019-02-05 12:20:59', '8715946388625', NULL),
(99, 2, NULL, '2019-02-05 12:22:45', '8715946388625', NULL),
(100, 1, NULL, '2019-02-05 12:22:54', '8715946388625', NULL),
(101, 2, NULL, '2019-02-05 12:23:57', '8715946388625', NULL),
(102, 1, NULL, '2019-02-05 12:24:13', '8715946388625', NULL),
(103, 2, NULL, '2019-02-05 12:28:11', '8715946388625', NULL),
(104, 4, NULL, '2019-02-05 12:28:22', '8715946388625', NULL),
(105, 2, NULL, '2019-02-05 13:41:46', '8715946388625', NULL),
(106, 2, NULL, '2019-02-05 13:42:26', '8715946388625', NULL),
(107, 1, NULL, '2019-02-05 13:42:51', '8715946388625', NULL),
(108, 20, NULL, '2019-02-05 15:42:41', '8715946388625', NULL),
(109, 4, NULL, '2019-02-05 15:43:03', '8715946388625', NULL),
(110, 2, NULL, '2019-02-05 16:06:12', '8715946388625', NULL),
(111, 2, NULL, '2019-02-05 16:08:16', '8715946388625', NULL),
(112, 28, NULL, '2019-02-05 16:08:54', '8715946388625', NULL),
(113, 2, NULL, '2019-02-06 11:22:37', '8715946388625', NULL),
(114, 2, NULL, '2019-02-06 11:57:08', NULL, NULL),
(115, 2, NULL, '2019-02-06 12:10:47', '8715946388625', NULL),
(116, 2, NULL, '2019-02-06 12:11:39', '8715946388625', NULL),
(117, 2, NULL, '2019-02-06 12:13:07', '8715946388625', NULL),
(118, 10, NULL, '2019-02-06 12:16:40', '8715946388625', NULL),
(119, 2, NULL, '2019-02-06 12:18:09', '8715946388625', NULL),
(120, 2, NULL, '2019-02-06 13:22:37', '8715946388625', NULL),
(121, 2, NULL, '2019-02-06 13:23:45', '8715946388625', NULL),
(122, 2, NULL, '2019-02-06 13:30:22', '8715946388625', NULL),
(123, 2, NULL, '2019-02-06 13:32:22', '8715946388625', NULL),
(124, 2, NULL, '2019-02-06 13:33:28', '8715946388625', NULL),
(125, 4, NULL, '2019-02-06 13:34:38', '8715946388625', NULL),
(126, 31, NULL, '2019-02-06 13:35:56', '8715946388625', NULL),
(127, 31, NULL, '2019-02-06 13:36:18', '8715946388625', NULL),
(128, 2, NULL, '2019-02-06 13:36:37', '8715946388625', NULL),
(129, 31, NULL, '2019-02-06 13:37:12', '8715946388625', NULL),
(130, 2, NULL, '2019-02-06 13:39:56', '8715946388625', NULL),
(131, 31, NULL, '2019-02-06 13:40:01', '8715946388625', NULL),
(132, 2, NULL, '2019-02-06 13:40:36', '8715946388625', NULL),
(133, 31, NULL, '2019-02-06 13:40:46', '8715946388625', NULL),
(134, 2, NULL, '2019-02-06 13:41:45', '8715946388625', NULL),
(135, 2, NULL, '2019-02-06 13:46:51', '8715946388625', NULL),
(136, 16, NULL, '2019-02-06 14:00:03', '8715946388625', NULL),
(137, 2, NULL, '2019-02-06 14:08:12', '8715946388625', NULL),
(138, 16, NULL, '2019-02-06 14:09:20', '8715946388625', NULL),
(139, 2, NULL, '2019-02-06 14:10:56', '8715946388625', NULL),
(140, 16, NULL, '2019-02-06 14:11:00', '8715946388625', NULL),
(141, 2, NULL, '2019-02-06 14:11:54', '8715946388625', NULL),
(142, 16, NULL, '2019-02-06 14:12:03', '8715946388625', NULL),
(143, 2, NULL, '2019-02-06 14:12:50', '8715946388625', NULL),
(144, 16, NULL, '2019-02-06 14:12:57', '8715946388625', NULL),
(145, 2, NULL, '2019-02-06 14:14:00', '8715946388625', NULL),
(146, 16, NULL, '2019-02-06 14:14:27', '8715946388625', NULL),
(147, 2, NULL, '2019-02-06 14:19:12', '8715946388625', NULL),
(148, 16, NULL, '2019-02-06 14:19:23', '8715946388625', 1),
(149, 2, NULL, '2019-02-06 14:50:41', '8715946388625', 1),
(150, 10, NULL, '2019-02-06 15:10:38', '8715946388625', 1),
(151, 2, NULL, '2019-02-06 15:19:56', '8715946388625', 1),
(152, 16, NULL, '2019-02-06 15:23:08', '8715946388625', 2),
(153, 2, NULL, '2019-02-06 15:23:34', '8715946388625', 2),
(154, 10, NULL, '2019-02-06 15:28:22', '8715946388625', 2),
(155, 2, NULL, '2019-02-06 15:28:27', '8715946388625', 2),
(156, 28, NULL, '2019-02-06 15:29:12', '0133289048451', NULL),
(157, 28, NULL, '2019-02-06 15:35:44', '8715946388625', NULL),
(158, 2, NULL, '2019-02-06 15:36:45', '8715946388625', NULL),
(159, 1, NULL, '2019-02-06 15:37:02', '8715946388625', NULL),
(160, 2, NULL, '2019-02-06 15:38:02', '8715946388625', NULL),
(161, 10, NULL, '2019-02-06 15:38:31', '8715946388625', 5),
(162, 2, NULL, '2019-02-06 15:39:44', '8715946388625', 5),
(163, 1, NULL, '2019-02-06 15:42:26', '8715946388625', 6),
(164, 2, NULL, '2019-02-06 15:42:41', '8715946388625', 6),
(165, 31, NULL, '2019-02-06 15:44:23', '8715946388625', 6),
(166, 2, NULL, '2019-02-06 16:09:26', '0133289048451', NULL),
(167, 3, NULL, '2019-02-06 16:09:57', '0133289048451', 1),
(168, 11, NULL, '2019-02-07 08:50:55', '0589584274942', NULL),
(169, 2, NULL, '2019-02-07 08:52:54', '0589584274942', NULL),
(170, 2, NULL, '2019-02-07 08:53:18', '0589584274942', NULL),
(171, 2, NULL, '2019-02-07 09:16:25', '0589584274942', 1),
(172, 2, NULL, '2019-02-07 09:18:05', '0589584274942', 1),
(173, 2, NULL, '2019-02-07 09:20:29', '0589584274942', 1),
(174, 2, NULL, '2019-02-07 09:22:26', '0589584274942', 2),
(175, 2, NULL, '2019-02-07 09:31:57', '0589584274942', 0),
(176, 2, NULL, '2019-02-07 09:34:29', '0589584274942', 1),
(177, 2, NULL, '2019-02-07 09:35:34', '0589584274942', 1),
(178, 4, NULL, '2019-02-07 09:40:03', '0589584274942', 1),
(179, 2, NULL, '2019-02-07 10:35:22', '0441402110950', 1),
(180, 7, NULL, '2019-02-07 10:35:49', '0441402110950', 2),
(181, NULL, NULL, '2019-02-07 14:58:19', '0133289048451', 2),
(182, NULL, NULL, '2019-02-07 14:58:41', '0133289048451', 2),
(183, NULL, NULL, '2019-02-07 14:58:49', '0133289048451', 1),
(184, NULL, NULL, '2019-02-07 14:59:26', '0133289048451', 2),
(185, NULL, NULL, '2019-02-07 14:59:30', '0441402110950', 1),
(186, NULL, NULL, '2019-02-07 14:59:54', '0441402110950', 4),
(187, 7, NULL, '2019-02-07 15:00:27', '0589584274942', 2),
(188, NULL, NULL, '2019-02-07 15:11:30', '0133289048451', 2),
(193, 20, NULL, '2019-02-07 15:23:52', '0441402110950', 4),
(194, 20, NULL, '2019-02-07 15:25:41', '0441402110950', 2),
(196, NULL, NULL, '2019-02-07 15:27:40', '0133289048451', 5),
(197, NULL, NULL, '2019-02-07 15:32:39', '0133289048451', 3),
(198, 2, NULL, '2019-02-07 15:33:11', '0478067727203', 1),
(199, 16, NULL, '2019-02-07 15:33:35', '1141440748747', 1),
(200, 2, NULL, '2019-02-07 15:33:44', '0478067727203', 4),
(201, 20, NULL, '2019-02-07 15:35:38', '0441402110950', 4),
(202, 20, NULL, '2019-02-07 15:35:58', '0441402110950', 2),
(203, 20, NULL, '2019-02-07 15:36:03', '0441402110950', 5),
(204, NULL, NULL, '2019-02-07 15:38:34', '0133289048451', 0),
(205, NULL, NULL, '2019-02-07 15:40:19', '0133289048451', 3),
(206, 2, NULL, '2019-02-07 15:41:42', '0133289048451', 1),
(207, 2, NULL, '2019-02-07 15:42:03', '0133289048451', 5),
(208, NULL, NULL, '2019-02-07 15:42:56', '1798383594511', 2),
(209, NULL, NULL, '2019-02-07 15:53:49', '1798383594511', 2),
(210, NULL, NULL, '2019-02-07 15:53:56', '1798383594511', 3),
(212, 3, NULL, '2019-02-07 15:54:29', '2008573868451', 5),
(213, 3, NULL, '2019-02-07 15:54:31', '2508978209451', 2),
(214, 3, NULL, '2019-02-07 15:54:33', '4885740578451', 5),
(215, 3, NULL, '2019-02-07 15:54:35', '6357841868451', 2),
(216, 3, NULL, '2019-02-07 15:54:37', '7237626868451', 4),
(217, 3, NULL, '2019-02-07 15:54:39', '7240222578451', 2),
(218, 3, NULL, '2019-02-08 08:26:08', '0133289048451', 2),
(219, 3, NULL, '2019-02-08 08:26:36', '0133289048451', 5),
(220, 3, NULL, '2019-02-08 08:30:25', '0133289048451', 4),
(221, 3, NULL, '2019-02-08 08:31:36', '0133289048451', 2),
(222, 11, NULL, '2019-02-08 10:23:25', '0133289048451', 2),
(223, 2, NULL, '2019-02-08 12:17:17', '0133289048451', 2),
(225, 1, NULL, '2019-02-08 14:17:14', '0133289048451', 4),
(226, 6, NULL, '2019-02-08 14:28:32', '1141440748747', 1),
(228, 2, NULL, '2019-02-11 10:28:14', '8715946388625', 6),
(229, 10, NULL, '2019-02-11 10:31:35', '8715946388625', 1),
(230, 6, NULL, '2019-02-11 10:39:02', '8715946388625', 1),
(231, 2, NULL, '2019-02-11 10:42:01', '8715946388625', 1),
(232, 2, NULL, '2019-02-11 10:44:59', '8715946388625', 1),
(234, 2, NULL, '2019-02-11 10:57:05', '1141440748747', 1),
(235, 2, NULL, '2019-02-11 11:18:26', '0133289048451', 4),
(236, 3, NULL, '2019-02-11 11:20:00', '0133289048451', 4),
(237, 2, NULL, '2019-02-11 11:20:18', '8715946388625', 1),
(238, 10, NULL, '2019-02-11 11:20:44', '8715946388625', 1),
(239, 2, NULL, '2019-02-11 11:24:43', '0478067727203', 1),
(240, 2, NULL, '2019-02-11 11:24:56', '0478067727203', 3),
(241, 2, NULL, '2019-02-11 11:25:00', '0478067727203', 6),
(242, 2, NULL, '2019-02-11 11:47:13', '8715946388625', 1),
(243, 2, NULL, '2019-02-11 11:47:53', '0478067727203', 6),
(244, 2, NULL, '2019-02-11 11:48:26', '0478067727203', 3),
(245, 4, NULL, '2019-02-11 11:48:43', NULL, 0),
(246, 1, NULL, '2019-02-11 12:17:26', '0478067727203', 3),
(247, 1, NULL, '2019-02-11 12:27:12', '1141440748747', 6),
(248, 16, NULL, '2019-02-11 12:28:47', '8715946388625', 6),
(249, 16, NULL, '2019-02-11 12:30:09', '8715946388625', 6),
(250, 10, NULL, '2019-02-11 12:34:06', '8715946388625', 6),
(251, 3, NULL, '2019-02-11 16:39:40', '0133289048451', 2),
(255, 3, NULL, '2019-02-11 16:44:50', '2008573868451', 3),
(256, 2, NULL, '2019-02-12 08:26:30', '1798383594511', 5),
(257, 2, NULL, '2019-02-12 08:31:09', '1798383594511', 5),
(259, 6, NULL, '2019-02-12 08:35:09', '0441402110950', 5),
(260, 11, NULL, '2019-02-12 08:36:28', '1798383594511', 5),
(261, 4, NULL, '2019-02-12 08:57:44', '0441402110950', 5),
(263, 14, NULL, '2019-02-12 09:33:42', NULL, 0),
(264, 15, NULL, '2019-02-12 09:35:29', NULL, 0),
(265, 4, NULL, '2019-02-12 09:36:10', '0589584274942', 2),
(266, 2, NULL, '2019-02-12 09:36:45', '0589584274942', 2),
(267, 15, NULL, '2019-02-12 09:39:23', NULL, 0),
(268, 15, NULL, '2019-02-12 09:41:16', NULL, 0),
(269, 15, NULL, '2019-02-12 09:43:34', NULL, 0),
(270, 3, NULL, '2019-02-12 09:43:57', NULL, 0),
(271, 4, NULL, '2019-02-12 09:47:06', '0589584274942', 2),
(272, 2, NULL, '2019-02-12 09:47:38', '0589584274942', 2),
(273, 3, NULL, '2019-02-12 09:55:10', NULL, 0),
(274, 3, NULL, '2019-02-12 09:57:09', NULL, 0),
(275, 3, NULL, '2019-02-12 09:57:41', NULL, 0),
(276, 3, NULL, '2019-02-12 09:58:42', NULL, 0),
(277, 3, NULL, '2019-02-12 10:01:26', NULL, 0),
(278, 3, NULL, '2019-02-12 10:02:45', NULL, 0),
(279, 3, NULL, '2019-02-12 10:05:16', NULL, 0),
(280, 3, NULL, '2019-02-12 10:05:46', NULL, 0),
(281, 3, NULL, '2019-02-12 10:08:40', '0589584274942', 2),
(282, 2, NULL, '2019-02-12 10:08:58', '0589584274942', 2),
(283, 14, NULL, '2019-02-12 10:09:10', '0589584274942', 2),
(284, 2, NULL, '2019-02-12 10:15:44', '0589584274942', 2),
(285, 14, NULL, '2019-02-12 10:29:48', '0589584274942', 2),
(286, 2, NULL, '2019-02-12 10:32:13', '0589584274942', 2),
(287, 33, NULL, '2019-02-12 10:32:24', '0589584274942', 2),
(288, 2, NULL, '2019-02-12 10:35:33', '0589584274942', 2),
(289, 2, NULL, '2019-02-12 10:36:31', '0589584274942', 2),
(290, 12, NULL, '2019-02-12 10:36:54', '0589584274942', 5),
(291, 2, NULL, '2019-02-12 10:38:22', '0589584274942', 5),
(292, 14, NULL, '2019-02-12 10:38:34', '0589584274942', 5),
(293, 11, NULL, '2019-02-12 10:51:04', '0589584274942', 5),
(294, 14, NULL, '2019-02-12 10:51:35', '0589584274942', 5),
(295, 16, NULL, '2019-02-12 10:53:56', '0589584274942', 5),
(296, 2, NULL, '2019-02-12 10:57:08', '0589584274942', 5),
(299, 16, NULL, '2019-02-12 12:24:15', '8715946388625', 5),
(300, 11, NULL, '2019-02-12 13:50:09', '8715946388625', 5),
(301, 31, NULL, '2019-02-12 13:50:35', '8715946388625', 5),
(302, 6, NULL, '2019-02-12 14:22:46', '1798383594511', 1),
(303, 12, NULL, '2019-02-12 14:23:29', '1798383594511', 1),
(304, 31, NULL, '2019-02-12 14:35:10', '0589584274942', 5),
(305, 3, NULL, '2019-02-12 14:49:30', '0133289048451', 5),
(306, 3, NULL, '2019-02-12 14:49:35', '0133289048451', 2),
(307, 3, NULL, '2019-02-12 14:50:07', '0133289048451', 3),
(308, 3, NULL, '2019-02-12 14:50:10', '0133289048451', 4),
(309, 3, NULL, '2019-02-12 14:50:13', '0441402110950', 3),
(310, 3, NULL, '2019-02-12 14:50:15', '0441402110950', 2),
(311, 3, NULL, '2019-02-12 14:50:36', '0133289048451', 2),
(312, 3, NULL, '2019-02-12 14:51:03', '0133289048451', 4),
(313, 3, NULL, '2019-02-12 14:51:28', '0133289048451', 2),
(314, 3, NULL, '2019-02-12 14:51:56', '0133289048451', 3),
(315, 31, NULL, '2019-02-12 14:52:01', '0589584274942', 1),
(316, 31, NULL, '2019-02-12 14:52:03', '0589584274942', 2),
(317, 3, NULL, '2019-02-12 16:06:49', '8911678209451', 1),
(318, 6, NULL, '2019-02-12 18:33:35', '8715946388625', 5),
(319, 10, NULL, '2019-02-12 18:34:58', '8715946388625', 2),
(320, 20, NULL, '2019-02-13 09:28:16', '0441402110950', 2),
(321, 31, NULL, '2019-02-13 09:28:21', '0441402110950', 2),
(322, 3, NULL, '2019-02-13 10:08:56', '0133289048451', 2),
(323, 3, NULL, '2019-02-13 10:08:59', '0133289048451', 3),
(324, 3, NULL, '2019-02-13 10:09:02', '0133289048451', 5),
(325, 3, NULL, '2019-02-13 10:09:53', '0133289048451', 3),
(326, 3, 27, '2019-02-13 14:41:37', '0133289048451', 2),
(327, 20, 27, '2019-02-13 14:48:31', '0133289048451', 2),
(328, 15, 1, '2019-02-13 14:50:07', '0133289048451', 2),
(329, 16, 1, '2019-02-13 14:59:58', '8715946388625', 2),
(330, 11, 1, '2019-02-13 15:15:43', '0441402110950', 2),
(331, 3, 27, '2019-02-13 16:04:31', '0311107005516', 1),
(332, 10, 27, '2019-02-13 16:04:57', '1309596005512', 1),
(333, 3, 27, '2019-02-13 16:05:14', '0311107005516', 1),
(337, 3, 27, '2019-02-14 14:37:42', '8269750578451', 4);

-- --------------------------------------------------------

--
-- Structure de la table `UTILISATEUR`
--

CREATE TABLE `UTILISATEUR` (
  `UT_Ref` int(11) NOT NULL,
  `UT_Mail` varchar(40) DEFAULT NULL,
  `UT_Nom` varchar(40) DEFAULT NULL,
  `UT_Prenom` varchar(40) DEFAULT NULL,
  `UT_Type` int(11) DEFAULT NULL,
  `UT_DateCreation` date DEFAULT NULL,
  `UT_Password` varchar(255) DEFAULT NULL,
  `UT_Sommeil` tinyint(1) DEFAULT NULL,
  `UT_UniqId` varchar(255) DEFAULT NULL
) ENGINE=InnoDB DEFAULT CHARSET=utf8;

--
-- Déchargement des données de la table `UTILISATEUR`
--

INSERT INTO `UTILISATEUR` (`UT_Ref`, `UT_Mail`, `UT_Nom`, `UT_Prenom`, `UT_Type`, `UT_DateCreation`, `UT_Password`, `UT_Sommeil`, `UT_UniqId`) VALUES
(1, 'philippe.mongorivi@hotmail.com', 'Mongori', 'Philippe', 100, '2019-01-10', 'test', 0, NULL),
(2, 'jgp@ibc-dialog.fr', 'Prissette', 'Jean Guy', 100, NULL, '098f6bcd4621d373cade4e832627b4f6', 0, NULL),
(19, 'jacque.blachet@hotmail.Fr', 'Blanchet', 'Jacques', 10, NULL, NULL, 0, NULL),
(20, 'olando.privet@hotmail.fr', 'Privet', 'Olando', 100, NULL, NULL, 0, NULL),
(21, 'eliot.guibert@gmail.com', 'Guibert', 'Eliot', 100, NULL, NULL, 0, NULL),
(22, 'emil.kovasky@gmail.com', 'Kovasky', 'Emile', 10, NULL, NULL, 0, NULL),
(23, 'b.harmentura@gmail.com', 'Harmentura', 'Basile', 10, NULL, NULL, 0, NULL),
(24, 's.pasquier@hotmail.fr', 'Pasquier', 'Sylvain', 10, '2019-01-15', NULL, 0, NULL),
(25, 'mica.sanson@gmail.com', 'Sanson', 'Michael', 100, '2019-01-24', NULL, 0, NULL),
(26, 'mk@hotmail.fr', 'mk', 'luong', 100, '2019-02-13', '0103\r\n', 1, NULL),
(27, 'luongminhkieu@hotmail.fr', 'Luong', 'Minh kiêu', 100, '2019-02-13', 'b0f07fe0f7de991bfca0de50391eb328', 0, NULL),
(28, 'valentin.mangnan@generation-net.com', 'Mangnan', 'Valentin', 100, '2019-02-13', 'Mangnan.Valentin', 0, NULL),
(29, 'nat.vernier@gmail.com', 'Vernier', 'Nathan', 10, '2019-02-14', 'Vernier.Nathan', 0, NULL),
(30, 'tom.cimo@gmail.com', 'Cimo', 'Tom', 10, '2019-02-14', 'Cimo.Tom', 0, NULL),
(31, 'ju.diez@gmail.com', 'Diez', 'Julien', 10, '2019-02-14', 'Diez.Julien', 0, NULL),
(32, 'fab.piccar@gmail.com', 'Piccard', 'Fabrice', 100, '2019-02-14', '$2y$10$z97SJIf.FPhLJWsq0Gt.D.AdaEiFps78ouL4jjHvxgOinD3nNzbFi', 0, NULL),
(33, 'fa@gmail.fr', 'Piccard', 'Fabrice', 10, '2019-02-14', '$2y$10$4JhZUUFqfMfmfQQ5eO4DgOBTY24i4Wu5gPYQJk/zleGDxT4202Xbm', 0, NULL),
(34, 'Lau@gmail.fr', 'Verseuilly', 'Laurent', 100, '2019-02-14', '25bba7dd6768e6f60eeb0ebaee5c81e0', 0, NULL);

--
-- Index pour les tables déchargées
--

--
-- Index pour la table `ARTICLE`
--
ALTER TABLE `ARTICLE`
  ADD PRIMARY KEY (`AR_Ref`),
  ADD UNIQUE KEY `AR_Design` (`AR_Design`),
  ADD KEY `CA_Ref` (`CA_Ref`),
  ADD KEY `AR_Etat` (`AR_Etat`),
  ADD KEY `Fk_article_emplacement` (`EM_Ref`),
  ADD KEY `EM_RefRep` (`EM_RefRep`);

--
-- Index pour la table `CATEGORIE`
--
ALTER TABLE `CATEGORIE`
  ADD PRIMARY KEY (`CA_Ref`),
  ADD KEY `FK_Categ` (`CA_RefParent`);

--
-- Index pour la table `COMPTE`
--
ALTER TABLE `COMPTE`
  ADD PRIMARY KEY (`CO_Ref`);

--
-- Index pour la table `EMPLACEMENT`
--
ALTER TABLE `EMPLACEMENT`
  ADD PRIMARY KEY (`EM_Ref`),
  ADD KEY `EM_RefParent` (`EM_RefParent`);

--
-- Index pour la table `ETAT`
--
ALTER TABLE `ETAT`
  ADD PRIMARY KEY (`ET_Ref`);

--
-- Index pour la table `SUIVI`
--
ALTER TABLE `SUIVI`
  ADD PRIMARY KEY (`SU_Id`),
  ADD KEY `EM_Ref` (`EM_Ref`),
  ADD KEY `UT_Ref` (`UT_Ref`),
  ADD KEY `AR_Ref` (`AR_Ref`);

--
-- Index pour la table `UTILISATEUR`
--
ALTER TABLE `UTILISATEUR`
  ADD PRIMARY KEY (`UT_Ref`),
  ADD KEY `UT_Type` (`UT_Type`);

--
-- AUTO_INCREMENT pour les tables déchargées
--

--
-- AUTO_INCREMENT pour la table `CATEGORIE`
--
ALTER TABLE `CATEGORIE`
  MODIFY `CA_Ref` int(11) NOT NULL AUTO_INCREMENT, AUTO_INCREMENT=83;

--
-- AUTO_INCREMENT pour la table `EMPLACEMENT`
--
ALTER TABLE `EMPLACEMENT`
  MODIFY `EM_Ref` int(11) NOT NULL AUTO_INCREMENT, AUTO_INCREMENT=123;

--
-- AUTO_INCREMENT pour la table `ETAT`
--
ALTER TABLE `ETAT`
  MODIFY `ET_Ref` int(11) NOT NULL AUTO_INCREMENT, AUTO_INCREMENT=7;

--
-- AUTO_INCREMENT pour la table `SUIVI`
--
ALTER TABLE `SUIVI`
  MODIFY `SU_Id` int(11) NOT NULL AUTO_INCREMENT, AUTO_INCREMENT=338;

--
-- AUTO_INCREMENT pour la table `UTILISATEUR`
--
ALTER TABLE `UTILISATEUR`
  MODIFY `UT_Ref` int(11) NOT NULL AUTO_INCREMENT, AUTO_INCREMENT=35;

--
-- Contraintes pour les tables déchargées
--

--
-- Contraintes pour la table `ARTICLE`
--
ALTER TABLE `ARTICLE`
  ADD CONSTRAINT `ARTICLE_ibfk_1` FOREIGN KEY (`CA_Ref`) REFERENCES `CATEGORIE` (`CA_Ref`),
  ADD CONSTRAINT `ARTICLE_ibfk_3` FOREIGN KEY (`EM_RefRep`) REFERENCES `EMPLACEMENT` (`EM_Ref`),
  ADD CONSTRAINT `Fk_article_emplacement` FOREIGN KEY (`EM_Ref`) REFERENCES `EMPLACEMENT` (`EM_Ref`);

--
-- Contraintes pour la table `CATEGORIE`
--
ALTER TABLE `CATEGORIE`
  ADD CONSTRAINT `FK_Categ` FOREIGN KEY (`CA_RefParent`) REFERENCES `CATEGORIE` (`CA_Ref`);

--
-- Contraintes pour la table `EMPLACEMENT`
--
ALTER TABLE `EMPLACEMENT`
  ADD CONSTRAINT `EMPLACEMENT_ibfk_1` FOREIGN KEY (`EM_RefParent`) REFERENCES `EMPLACEMENT` (`EM_Ref`);

--
-- Contraintes pour la table `SUIVI`
--
ALTER TABLE `SUIVI`
  ADD CONSTRAINT `SUIVI_ibfk_2` FOREIGN KEY (`EM_Ref`) REFERENCES `EMPLACEMENT` (`EM_Ref`),
  ADD CONSTRAINT `SUIVI_ibfk_3` FOREIGN KEY (`UT_Ref`) REFERENCES `UTILISATEUR` (`UT_Ref`),
  ADD CONSTRAINT `SUIVI_ibfk_4` FOREIGN KEY (`AR_Ref`) REFERENCES `ARTICLE` (`AR_Ref`);

--
-- Contraintes pour la table `UTILISATEUR`
--
ALTER TABLE `UTILISATEUR`
  ADD CONSTRAINT `UTILISATEUR_ibfk_1` FOREIGN KEY (`UT_Type`) REFERENCES `COMPTE` (`CO_Ref`);
COMMIT;

/*!40101 SET CHARACTER_SET_CLIENT=@OLD_CHARACTER_SET_CLIENT */;
/*!40101 SET CHARACTER_SET_RESULTS=@OLD_CHARACTER_SET_RESULTS */;
/*!40101 SET COLLATION_CONNECTION=@OLD_COLLATION_CONNECTION */;
